broadcastOwnerId,id,broadcastId,streamSeq,serviceId,serviceName,broadcastStandByImage,broadcastTitle,vid,startDate,status,expectedStartDate,broadcastEndUrl,broadcastReplayEndUrl,bridgeEndUrl,displayType,displayProduct,broadcastBanner,likeTotalCount,viewerTotalCount,commentTotalCount,onAirViewerCount,duration
1,106784,106784,9043382,SELECTIVE,셀렉티브,https://g-selected.pstatic.net/MjAyMTAxMTVfMTEy/MDAxNjEwNjM4ODgxNzU3.dmHy1ANaP-OuEaLwlcmOCN6soCOrnEaw8YQADkmu_04g.PXUaNmKMInMM7CtXxotlxisNKI_GQNJI4QGegjXpq0gg.JPEG/98015514-9D05-49F3-AF52-01CCFA651583.jpg,테스트123,6045F8FD87FF812D5BA0DA01D1F2FFA16E73,2021-04-07T17:58:17.161,BLOCK,2021-03-25T15:00:58.915,https://view.shoppinglive.naver.com/lives/106784,https://view.shoppinglive.naver.com/replays/106784,NA,NARROW,"c(""3006276012"", ""3006276012"", ""3006276012"", ""3006276012"", ""3006276012"", ""3006276012"", ""3006276012"", ""3006276012"", ""3006276012"", ""3006276012"", ""3006276012"", ""3006276012"", ""3006276012"", ""3006276012"", ""3006276012"", ""2144372034"", ""4807692652"", ""4818032455"", ""4818032455"", ""4791305208"", NA, NA, NA, NA, ""4692222616"", NA, ""5335886577"", ""5335886577"", ""5335886577"", ""3931040739"", ""417011337"", ""4185298384"", ""4185298384"", ""4840923074"", ""4843859905"", NA, NA, NA, NA, NA, ""4748436896"", NA, NA, ""4760623899"", NA, 
NA, NA, NA, NA, NA)",NA,0,11,0,0,00:03:35
1,101921,101921,8923495,SELECTIVE,셀렉티브,https://g-selected.pstatic.net/MjAyMTAxMTVfMTEy/MDAxNjEwNjM4ODgxNzU3.dmHy1ANaP-OuEaLwlcmOCN6soCOrnEaw8YQADkmu_04g.PXUaNmKMInMM7CtXxotlxisNKI_GQNJI4QGegjXpq0gg.JPEG/98015514-9D05-49F3-AF52-01CCFA651583.jpg,테스트123,85F1C74598FA36D8DE0BAEAADAB0B56564E1,2021-04-01T12:15:06.295,BLOCK,2021-03-25T15:00:36.294,https://view.shoppinglive.naver.com/lives/101921,https://view.shoppinglive.naver.com/replays/101921,NA,NARROW,"c(""SHOPPING"", ""SHOPPING"", ""SHOPPING"", ""SHOPPING"", ""SHOPPING"", ""SHOPPING"", ""SHOPPING"", ""SHOPPING"", ""SHOPPING"", ""SHOPPING"", ""SHOPPING"", ""SHOPPING"", ""SHOPPING"", ""SHOPPING"", ""SHOPPING"", ""SHOPPING"", ""SHOPPING"", ""SHOPPING"", ""SHOPPING"", ""SHOPPING"", NA, NA, NA, NA, ""SHOPPING"", NA, ""SHOPPING"", ""SHOPPING"", ""SHOPPING"", ""SHOPPING"", ""SHOPPING"", ""SHOPPING"", ""SHOPPING"", ""SHOPPING"", ""SHOPPING"", NA, NA, NA, NA, NA, ""SHOPPING"", NA, NA, ""SHOPPING"", NA, NA, NA, NA, NA, NA)",NA,16,35,0,0,00:15:02
1,97601,97601,8792654,SELECTIVE,셀렉티브,https://g-selected.pstatic.net/MjAyMTAxMTVfMTEy/MDAxNjEwNjM4ODgxNzU3.dmHy1ANaP-OuEaLwlcmOCN6soCOrnEaw8YQADkmu_04g.PXUaNmKMInMM7CtXxotlxisNKI_GQNJI4QGegjXpq0gg.JPEG/98015514-9D05-49F3-AF52-01CCFA651583.jpg,테스트123,813EC01EA6FAA2F2957CB9681AC1C43A2ACF,2021-03-26T03:11:52.159,BLOCK,2021-03-25T15:00:03.963,https://view.shoppinglive.naver.com/lives/97601,https://view.shoppinglive.naver.com/replays/97601,NA,NARROW,"c(FALSE, FALSE, FALSE, FALSE, FALSE, FALSE, FALSE, FALSE, FALSE, FALSE, FALSE, FALSE, FALSE, FALSE, FALSE, FALSE, FALSE, FALSE, FALSE, FALSE, NA, NA, NA, NA, FALSE, NA, FALSE, FALSE, FALSE, FALSE, FALSE, FALSE, FALSE, FALSE, FALSE, NA, NA, NA, NA, NA, FALSE, NA, NA, FALSE, NA, NA, NA, NA, NA, NA)",NA,7,27,0,0,00:08:58
1,97600,97600,8792647,SELECTIVE,셀렉티브,https://g-selected.pstatic.net/MjAyMTAxMTVfMTEy/MDAxNjEwNjM4ODgxNzU3.dmHy1ANaP-OuEaLwlcmOCN6soCOrnEaw8YQADkmu_04g.PXUaNmKMInMM7CtXxotlxisNKI_GQNJI4QGegjXpq0gg.JPEG/98015514-9D05-49F3-AF52-01CCFA651583.jpg,테스트123,CB37A736C59C7BD845A6D9C64BFD5CC52160,2021-03-26T03:07:03.474,BLOCK,2021-03-25T15:00:53.546,https://view.shoppinglive.naver.com/lives/97600,https://view.shoppinglive.naver.com/replays/97600,NA,NARROW,"c(""3001910652"", ""3001910652"", ""3001910652"", ""3001910652"", ""3001910652"", ""3001910652"", ""3001910652"", ""3001910652"", ""3001910652"", ""3001910652"", ""3001910652"", ""3001910652"", ""3001910652"", ""3001910652"", ""3001910652"", ""2143448682"", ""4794064013"", ""4804183808"", ""4804183808"", ""4777956117"", NA, NA, NA, NA, ""4680483529"", NA, ""5314547715"", ""5314547715"", ""5314547715"", ""3924107464"", ""417011337"", ""4177659309"", ""4177659309"", ""4826588178"", ""4829156342"", NA, NA, NA, NA, NA, ""4727718536"", NA, NA, ""4747733052"", NA, 
NA, NA, NA, NA, NA)",NA,0,14,0,0,00:01:57
1,97598,97598,8792616,SELECTIVE,셀렉티브,https://g-selected.pstatic.net/MjAyMTAxMTVfMTEy/MDAxNjEwNjM4ODgxNzU3.dmHy1ANaP-OuEaLwlcmOCN6soCOrnEaw8YQADkmu_04g.PXUaNmKMInMM7CtXxotlxisNKI_GQNJI4QGegjXpq0gg.JPEG/98015514-9D05-49F3-AF52-01CCFA651583.jpg,테스트123,E12A90630283C18E06AE264FEEF201E046B6,2021-03-26T02:57:46.486,BLOCK,2021-03-10T15:00:27.867,https://view.shoppinglive.naver.com/lives/97598,https://view.shoppinglive.naver.com/replays/97598,NA,NARROW,"c(""80504020098"", ""80504020098"", ""80504020098"", ""80504020098"", ""80504020098"", ""80504020098"", ""80504020098"", ""80504020098"", ""80504020098"", ""80504020098"", ""80504020098"", ""80504020098"", ""80504020098"", ""80504020098"", ""80504020098"", ""12139714961"", ""82352215317"", ""82362555213"", ""82362555213"", ""82335827705"", NA, NA, NA, NA, ""82236743334"", NA, ""82880379394"", ""82880379394"", ""82880379394"", ""81475560775"", ""12302007249"", ""81729819800"", ""81729819800"", ""82385446220"", ""82388383059"", NA, NA, NA, NA, NA, ""82292958609"", 
NA, NA, ""82305145801"", NA, NA, NA, NA, NA, NA)",NA,10,10,0,0,00:02:20
1,97596,97596,8792599,SELECTIVE,셀렉티브,https://g-selected.pstatic.net/MjAyMTAxMTVfMTEy/MDAxNjEwNjM4ODgxNzU3.dmHy1ANaP-OuEaLwlcmOCN6soCOrnEaw8YQADkmu_04g.PXUaNmKMInMM7CtXxotlxisNKI_GQNJI4QGegjXpq0gg.JPEG/98015514-9D05-49F3-AF52-01CCFA651583.jpg,테스트123,EFB9C4A44142021BA839FB91A6A25AD86AE6,2021-03-26T02:49:58.801,BLOCK,2021-03-10T15:00:47.023,https://view.shoppinglive.naver.com/lives/97596,https://view.shoppinglive.naver.com/replays/97596,NA,NARROW,"c(""본사정식 상품 강아지 사료 기호성 테스트 샘플 모음"", ""본사정식 상품 강아지 사료 기호성 테스트 샘플 모음"", ""본사정식 상품 강아지 사료 기호성 테스트 샘플 모음"", ""본사정식 상품 강아지 사료 기호성 테스트 샘플 모음"", ""본사정식 상품 강아지 사료 기호성 테스트 샘플 모음"", ""본사정식 상품 강아지 사료 기호성 테스트 샘플 모음"", ""본사정식 상품 강아지 사료 기호성 테스트 샘플 모음"", 
""본사정식 상품 강아지 사료 기호성 테스트 샘플 모음"", ""본사정식 상품 강아지 사료 기호성 테스트 샘플 모음"", ""본사정식 상품 강아지 사료 기호성 테스트 샘플 모음"", ""본사정식 상품 강아지 사료 기호성 테스트 샘플 모음"", ""본사정식 상품 강아지 사료 기호성 테스트 샘플 모음"", ""본사정식 상품 강아지 사료 기호성 테스트 샘플 모음"", ""본사정식 상품 강아지 사료 기호성 테스트 샘플 모음"", 
""본사정식 상품 강아지 사료 기호성 테스트 샘플 모음"", ""봄 롱 플리츠 주름 원피스 홈드레스 프로아"", ""Zip up leather jk (2 colors)"", ""[타미진] T32A1WOP065WT2 여성 인디고 데님 플레어 원피스"", ""[타미진] T32A1WOP065WT2 여성 인디고 데님 플레어 원피스"", ""잇미샤 체크패턴 더블버튼 벨티드 롱 자켓 ITK2WJK660B"", NA, NA, NA, NA, ""NYC 코튼 볼캡"", NA, ""테스트 상품"", ""테스트 상품"", ""테스트 상품"", ""수제 국화차 (테스트)"", 
""로네펠트 티벨롭 조이오브티 허브티 테스트 박스 95종"", ""게스 남자 청바지 일자핏 슬림핏 스판진 데님 미디엄블루진 연청 블랙진"", ""게스 남자 청바지 일자핏 슬림핏 스판진 데님 미디엄블루진 연청 블랙진"", ""[지컷] 모던 퍼프 슬리브 자켓 (7250210005)"", ""꽃잎rose셔링미디원피스(DO53823)"", NA, NA, NA, NA, NA, ""스노우원피스 여아 공주 하객룩 등원룩 드레스"", NA, NA, ""딜라잇 롱 원피스"", NA, NA, 
NA, NA, NA, NA)",NA,46,14,0,0,00:01:39
1,97595,97595,8792587,SELECTIVE,셀렉티브,https://g-selected.pstatic.net/MjAyMTAxMTVfMTEy/MDAxNjEwNjM4ODgxNzU3.dmHy1ANaP-OuEaLwlcmOCN6soCOrnEaw8YQADkmu_04g.PXUaNmKMInMM7CtXxotlxisNKI_GQNJI4QGegjXpq0gg.JPEG/98015514-9D05-49F3-AF52-01CCFA651583.jpg,테스트123,EFEE50E97DF9E9C76BC662DF087657883F09,2021-03-26T02:45:31.521,BLOCK,2021-03-10T15:00:47.545,https://view.shoppinglive.naver.com/lives/97595,https://view.shoppinglive.naver.com/replays/97595,NA,NARROW,"c(""http://shop1.phinf.naver.net/20210316_163/1615875330678F69r2_JPEG/17011165426476209_422309332.jpg"", ""http://shop1.phinf.naver.net/20210316_163/1615875330678F69r2_JPEG/17011165426476209_422309332.jpg"", ""http://shop1.phinf.naver.net/20210316_163/1615875330678F69r2_JPEG/17011165426476209_422309332.jpg"", ""http://shop1.phinf.naver.net/20210316_163/1615875330678F69r2_JPEG/17011165426476209_422309332.jpg"", ""http://shop1.phinf.naver.net/20210316_163/1615875330678F69r2_JPEG/17011165426476209_422309332.jpg"", 
""http://shop1.phinf.naver.net/20210316_163/1615875330678F69r2_JPEG/17011165426476209_422309332.jpg"", ""http://shop1.phinf.naver.net/20210316_163/1615875330678F69r2_JPEG/17011165426476209_422309332.jpg"", ""http://shop1.phinf.naver.net/20210316_163/1615875330678F69r2_JPEG/17011165426476209_422309332.jpg"", ""http://shop1.phinf.naver.net/20210316_163/1615875330678F69r2_JPEG/17011165426476209_422309332.jpg"", ""http://shop1.phinf.naver.net/20210316_163/1615875330678F69r2_JPEG/17011165426476209_422309332.jpg"", 
""http://shop1.phinf.naver.net/20210316_163/1615875330678F69r2_JPEG/17011165426476209_422309332.jpg"", ""http://shop1.phinf.naver.net/20210316_163/1615875330678F69r2_JPEG/17011165426476209_422309332.jpg"", ""http://shop1.phinf.naver.net/20210316_163/1615875330678F69r2_JPEG/17011165426476209_422309332.jpg"", ""http://shop1.phinf.naver.net/20210316_163/1615875330678F69r2_JPEG/17011165426476209_422309332.jpg"", ""http://shop1.phinf.naver.net/20210316_163/1615875330678F69r2_JPEG/17011165426476209_422309332.jpg"", 
""http://shop1.phinf.naver.net/20180821_22/dailyn77_1534817320034lOJlt_JPEG/17536178882072596_781051207.jpg"", ""http://shop1.phinf.naver.net/20200202_211/1580571855842J457z_JPEG/550ef39cee5bcce611b6a0aa9d3a9c65.jpg"", ""http://shop1.phinf.naver.net/20200211_282/1581415366086RueEO_JPEG/18775200595563697_1189571597.jpeg"", ""http://shop1.phinf.naver.net/20200211_282/1581415366086RueEO_JPEG/18775200595563697_1189571597.jpeg"", ""http://shop1.phinf.naver.net/20200115_132/1579055137216CqXI3_JPEG/16414971759869020_1990308996.jpg"", 
NA, NA, NA, NA, ""http://shop1.phinf.naver.net/20191009_194/1570547604821GC64v_JPEG/7909147424013957_772717895.jpeg"", NA, ""http://shop1.phinf.naver.net/20210115_266/1610671574880eYIIT_PNG/11807408520219402_771396854.png"", ""http://shop1.phinf.naver.net/20210115_266/1610671574880eYIIT_PNG/11807408520219402_771396854.png"", ""http://shop1.phinf.naver.net/20210115_266/1610671574880eYIIT_PNG/11807408520219402_771396854.png"", ""http://shop1.phinf.naver.net/20181216_300/fks8633_154492564639296k8G_JPEG/68232805991339434_1446103636.jpeg"", 
""http://shop1.phinf.naver.net/20181120_210/hieuro_1542697907655FTT5Q_JPEG/66005087291137382_1894019735.jpg"", ""http://shop1.phinf.naver.net/20200826_145/1598421532590hVQy0_JPEG/35784921098921238_1925133015.jpg"", ""http://shop1.phinf.naver.net/20200826_145/1598421532590hVQy0_JPEG/35784921098921238_1925133015.jpg"", ""http://shop1.phinf.naver.net/20200303_286/1583220264933Skz7X_JPEG/20581807551436996_1011901199.jpg"", ""http://shop1.phinf.naver.net/20200305_156/1583398094667LGo7C_JPEG/20758833298484037_1147811929.JPG"", 
NA, NA, NA, NA, NA, ""http://shop1.phinf.naver.net/20191203_47/1575353427142fDHae_JPEG/12716815676608287_1209194984.jpg"", NA, NA, ""http://shop1.phinf.naver.net/20191215_247/1576368550661yzHdi_JPEG/13731939018917529_849437230.jpg"", NA, NA, NA, NA, NA, NA)",NA,303,19,0,0,00:02:19
1,85618,85618,8451341,SELECTIVE,셀렉티브,https://g-selected.pstatic.net/MjAyMTAxMTVfMTEy/MDAxNjEwNjM4ODgxNzU3.dmHy1ANaP-OuEaLwlcmOCN6soCOrnEaw8YQADkmu_04g.PXUaNmKMInMM7CtXxotlxisNKI_GQNJI4QGegjXpq0gg.JPEG/98015514-9D05-49F3-AF52-01CCFA651583.jpg,테스트1,76CE4EC6155DE009781A5B6D9C178BE30775,2021-03-26T02:18:33.644,BLOCK,2021-03-10T15:00:02.78,https://view.shoppinglive.naver.com/lives/85618,https://view.shoppinglive.naver.com/replays/85618,NA,NARROW,"c(""강아지 사료"", ""강아지 사료"", ""강아지 사료"", ""강아지 사료"", ""강아지 사료"", ""강아지 사료"", ""강아지 사료"", ""강아지 사료"", ""강아지 사료"", ""강아지 사료"", ""강아지 사료"", ""강아지 사료"", ""강아지 사료"", ""강아지 사료"", ""강아지 사료"", ""데일리앤"", ""자체브랜드"", ""타미진"", ""타미진"", ""잇미샤"", NA, NA, NA, NA, ""ne7work"", NA, NA, NA, NA, NA, ""로네펠트"", ""게스"", ""게스"", ""지컷"", ""도로시홀릭"", NA, NA, NA, NA, 
NA, ""고잉키즈"", NA, NA, NA, NA, NA, NA, NA, NA, NA)",NA,0,1,0,0,00:03:06
1,97593,97593,8792509,SELECTIVE,셀렉티브,https://g-selected.pstatic.net/MjAyMTAxMTVfMTEy/MDAxNjEwNjM4ODgxNzU3.dmHy1ANaP-OuEaLwlcmOCN6soCOrnEaw8YQADkmu_04g.PXUaNmKMInMM7CtXxotlxisNKI_GQNJI4QGegjXpq0gg.JPEG/98015514-9D05-49F3-AF52-01CCFA651583.jpg,테스트123,7D25A3F495D33559726AB1B943DB31A9A2C7,2021-03-26T02:11:56.206,BLOCK,2021-03-10T15:00:29.84,https://view.shoppinglive.naver.com/lives/97593,https://view.shoppinglive.naver.com/replays/97593,NA,NARROW,"c(""더나은펫"", ""더나은펫"", ""더나은펫"", ""더나은펫"", ""더나은펫"", ""더나은펫"", ""더나은펫"", ""더나은펫"", ""더나은펫"", ""더나은펫"", ""더나은펫"", ""더나은펫"", ""더나은펫"", ""더나은펫"", ""더나은펫"", ""데일리앤77"", ""with nnino"", ""타미진"", ""타미진"", ""잇미샤"", NA, NA, NA, NA, ""NE7WORK"", NA, ""창고에서 당신에게 웨어유"", ""창고에서 당신에게 웨어유"", ""창고에서 당신에게 웨어유"", ""수제꽃차 화요일"", ""하이유로"", 
""ENJOY PANDA"", ""ENJOY PANDA"", ""지컷"", ""도로시홀릭"", NA, NA, NA, NA, NA, ""고잉키즈"", NA, NA, ""보레이 VORREI"", NA, NA, NA, NA, NA, NA)",NA,0,5,0,0,00:02:25
1,97591,97591,8792494,SELECTIVE,셀렉티브,https://g-selected.pstatic.net/MjAyMTAxMTVfMTEy/MDAxNjEwNjM4ODgxNzU3.dmHy1ANaP-OuEaLwlcmOCN6soCOrnEaw8YQADkmu_04g.PXUaNmKMInMM7CtXxotlxisNKI_GQNJI4QGegjXpq0gg.JPEG/98015514-9D05-49F3-AF52-01CCFA651583.jpg,테스트123,5E617AC5C5F29E587827B21FA7062EFA1C02,2021-03-26T02:06:26.085,BLOCK,2021-03-10T15:00:04.954,https://view.shoppinglive.naver.com/lives/97591,https://view.shoppinglive.naver.com/replays/97591,NA,NARROW,"c(""https://shoppinglive.naver.com/bridge/live/product/3006276012?tr=lim&isDetail=false&channelNo=100191630&trx=106784_0&wholeCategoryId=50000008%3E50000155%3E50006630%3E50006631&ntSource=nshoplive&ntMedium=106784&ntDetail=replay&ntKeyword=nshoplive"", ""https://shoppinglive.naver.com/bridge/live/product/3006276012?tr=lim&isDetail=false&channelNo=100191630&trx=101921_0&wholeCategoryId=50000008%3E50000155%3E50006630%3E50006631&ntSource=nshoplive&ntMedium=101921&ntDetail=replay&ntKeyword=nshoplive"", ""https://shoppinglive.naver.com/bridge/live/product/3006276012?tr=lim&isDetail=false&channelNo=100191630&trx=97601_0&wholeCategoryId=50000008%3E50000155%3E50006630%3E50006631&ntSource=nshoplive&ntMedium=97601&ntDetail=replay&ntKeyword=nshoplive"", 
""https://shoppinglive.naver.com/bridge/live/product/3006276012?tr=lim&isDetail=false&channelNo=100191630&trx=97600_0&wholeCategoryId=50000008%3E50000155%3E50006630%3E50006631&ntSource=nshoplive&ntMedium=97600&ntDetail=replay&ntKeyword=nshoplive"", ""https://shoppinglive.naver.com/bridge/live/product/3006276012?tr=lim&isDetail=false&channelNo=100191630&trx=97598_0&wholeCategoryId=50000008%3E50000155%3E50006630%3E50006631&ntSource=nshoplive&ntMedium=97598&ntDetail=replay&ntKeyword=nshoplive"", ""https://shoppinglive.naver.com/bridge/live/product/3006276012?tr=lim&isDetail=false&channelNo=100191630&trx=97596_0&wholeCategoryId=50000008%3E50000155%3E50006630%3E50006631&ntSource=nshoplive&ntMedium=97596&ntDetail=replay&ntKeyword=nshoplive"", 
""https://shoppinglive.naver.com/bridge/live/product/3006276012?tr=lim&isDetail=false&channelNo=100191630&trx=97595_0&wholeCategoryId=50000008%3E50000155%3E50006630%3E50006631&ntSource=nshoplive&ntMedium=97595&ntDetail=replay&ntKeyword=nshoplive"", ""https://shoppinglive.naver.com/bridge/live/product/3006276012?tr=lim&isDetail=false&channelNo=100191630&trx=85618_0&wholeCategoryId=50000008%3E50000155%3E50006630%3E50006631&ntSource=nshoplive&ntMedium=85618&ntDetail=replay&ntKeyword=nshoplive"", ""https://shoppinglive.naver.com/bridge/live/product/3006276012?tr=lim&isDetail=false&channelNo=100191630&trx=97593_0&wholeCategoryId=50000008%3E50000155%3E50006630%3E50006631&ntSource=nshoplive&ntMedium=97593&ntDetail=replay&ntKeyword=nshoplive"", 
""https://shoppinglive.naver.com/bridge/live/product/3006276012?tr=lim&isDetail=false&channelNo=100191630&trx=97591_0&wholeCategoryId=50000008%3E50000155%3E50006630%3E50006631&ntSource=nshoplive&ntMedium=97591&ntDetail=replay&ntKeyword=nshoplive"", ""https://shoppinglive.naver.com/bridge/live/product/3006276012?tr=lim&isDetail=false&channelNo=100191630&trx=97590_0&wholeCategoryId=50000008%3E50000155%3E50006630%3E50006631&ntSource=nshoplive&ntMedium=97590&ntDetail=replay&ntKeyword=nshoplive"", ""https://shoppinglive.naver.com/bridge/live/product/3006276012?tr=lim&isDetail=false&channelNo=100191630&trx=97589_0&wholeCategoryId=50000008%3E50000155%3E50006630%3E50006631&ntSource=nshoplive&ntMedium=97589&ntDetail=replay&ntKeyword=nshoplive"", 
""https://shoppinglive.naver.com/bridge/live/product/3006276012?tr=lim&isDetail=false&channelNo=100191630&trx=54008_0&wholeCategoryId=50000008%3E50000155%3E50006630%3E50006631&ntSource=nshoplive&ntMedium=54008&ntDetail=replay&ntKeyword=nshoplive"", ""https://shoppinglive.naver.com/bridge/live/product/3006276012?tr=lim&isDetail=false&channelNo=100191630&trx=52378_0&wholeCategoryId=50000008%3E50000155%3E50006630%3E50006631&ntSource=nshoplive&ntMedium=52378&ntDetail=replay&ntKeyword=nshoplive"", ""https://shoppinglive.naver.com/bridge/live/product/3006276012?tr=lim&isDetail=false&channelNo=100191630&trx=52346_0&wholeCategoryId=50000008%3E50000155%3E50006630%3E50006631&ntSource=nshoplive&ntMedium=52346&ntDetail=replay&ntKeyword=nshoplive"", 
""https://shoppinglive.naver.com/bridge/live/product/2144372034?tr=lim&isDetail=false&channelNo=500071772&trx=639_0&wholeCategoryId=50000000%3E50000167%3E50000807&ntSource=nshoplive&ntMedium=639&ntDetail=replay&ntKeyword=nshoplive"", ""https://shoppinglive.naver.com/bridge/live/product/4807692652?tr=lim&isDetail=false&channelNo=100076270&trx=514_0&wholeCategoryId=50000000%3E50000167%3E50000778&ntSource=nshoplive&ntMedium=514&ntDetail=replay&ntKeyword=nshoplive"", ""https://shoppinglive.naver.com/bridge/live/product/4818032455?tr=lim&isDetail=false&channelNo=1000003017&trx=434_0&wholeCategoryId=50000000%3E50000167%3E50000807&ntSource=nshoplive&ntMedium=434&ntDetail=replay&ntKeyword=nshoplive"", 
""https://shoppinglive.naver.com/bridge/live/product/4818032455?tr=lim&isDetail=false&channelNo=1000003017&trx=433_0&wholeCategoryId=50000000%3E50000167%3E50000807&ntSource=nshoplive&ntMedium=433&ntDetail=replay&ntKeyword=nshoplive"", ""https://shoppinglive.naver.com/bridge/live/product/4791305208?tr=lim&isDetail=false&channelNo=100214101&trx=420_0&wholeCategoryId=50000000%3E50000167%3E50000815&ntSource=nshoplive&ntMedium=420&ntDetail=replay&ntKeyword=nshoplive"", NA, NA, NA, NA, ""https://shoppinglive.naver.com/bridge/live/product/4692222616?tr=lim&isDetail=false&channelNo=100038394&trx=321_0&wholeCategoryId=50000001%3E50000181%3E50001474%3E50003990&ntSource=nshoplive&ntMedium=321&ntDetail=replay&ntKeyword=nshoplive"", 
NA, ""https://shoppinglive.naver.com/bridge/live/product/5335886577?tr=lim&isDetail=false&channelNo=100933587&trx=72493_0&wholeCategoryId=50000006%3E50000148%3E50001080%3E50002261&ntSource=nshoplive&ntMedium=72493&ntDetail=replay&ntKeyword=nshoplive"", ""https://shoppinglive.naver.com/bridge/live/product/5335886577?tr=lim&isDetail=false&channelNo=100933587&trx=72491_0&wholeCategoryId=50000006%3E50000148%3E50001080%3E50002261&ntSource=nshoplive&ntMedium=72491&ntDetail=replay&ntKeyword=nshoplive"", ""https://shoppinglive.naver.com/bridge/live/product/5335886577?tr=lim&isDetail=false&channelNo=100933587&trx=72488_0&wholeCategoryId=50000006%3E50000148%3E50001080%3E50002261&ntSource=nshoplive&ntMedium=72488&ntDetail=replay&ntKeyword=nshoplive"", 
""https://shoppinglive.naver.com/bridge/live/product/3931040739?tr=lim&isDetail=false&channelNo=100295310&trx=72461_0&wholeCategoryId=50000006%3E50000148%3E50001082%3E50002384&ntSource=nshoplive&ntMedium=72461&ntDetail=replay&ntKeyword=nshoplive"", ""https://shoppinglive.naver.com/bridge/live/product/417011337?tr=lim&isDetail=false&channelNo=500025401&trx=72447_0&wholeCategoryId=50000006%3E50000148%3E50001082%3E50002381&ntSource=nshoplive&ntMedium=72447&ntDetail=replay&ntKeyword=nshoplive"", ""https://shoppinglive.naver.com/bridge/live/product/4185298384?tr=lim&isDetail=false&channelNo=100267387&trx=13925_0&wholeCategoryId=50000000%3E50000169%3E50000835&ntSource=nshoplive&ntMedium=13925&ntDetail=replay&ntKeyword=nshoplive"", 
""https://shoppinglive.naver.com/bridge/live/product/4185298384?tr=lim&isDetail=false&channelNo=100267387&trx=13924_0&wholeCategoryId=50000000%3E50000169%3E50000835&ntSource=nshoplive&ntMedium=13924&ntDetail=replay&ntKeyword=nshoplive"", ""https://shoppinglive.naver.com/bridge/live/product/4840923074?tr=lim&isDetail=false&channelNo=1000000551&trx=518_0&wholeCategoryId=50000000%3E50000167%3E50000815&ntSource=nshoplive&ntMedium=518&ntDetail=replay&ntKeyword=nshoplive"", ""https://shoppinglive.naver.com/bridge/live/product/4843859905?tr=lim&isDetail=false&channelNo=100371206&trx=361_0&wholeCategoryId=50000000%3E50000167%3E50000807&ntSource=nshoplive&ntMedium=361&ntDetail=replay&ntKeyword=nshoplive"", 
NA, NA, NA, NA, NA, ""https://shoppinglive.naver.com/bridge/live/product/4748436896?tr=lim&isDetail=false&channelNo=100445757&trx=192_0&wholeCategoryId=50000005%3E50000138%3E50000414&ntSource=nshoplive&ntMedium=192&ntDetail=replay&ntKeyword=nshoplive"", NA, NA, ""https://shoppinglive.naver.com/bridge/live/product/4760623899?tr=lim&isDetail=false&channelNo=100524816&trx=159_0&wholeCategoryId=50000000%3E50000167%3E50000807&ntSource=nshoplive&ntMedium=159&ntDetail=replay&ntKeyword=nshoplive"", NA, NA, NA, 
NA, NA, NA)",NA,0,4,0,0,00:02:47
1,97590,97590,8792461,SELECTIVE,셀렉티브,https://g-selected.pstatic.net/MjAyMTAxMTVfMTEy/MDAxNjEwNjM4ODgxNzU3.dmHy1ANaP-OuEaLwlcmOCN6soCOrnEaw8YQADkmu_04g.PXUaNmKMInMM7CtXxotlxisNKI_GQNJI4QGegjXpq0gg.JPEG/98015514-9D05-49F3-AF52-01CCFA651583.jpg,테스트123,43301C27C5CE6123D20FB9822D7AE024021C,2021-03-26T01:57:33.907,BLOCK,2021-03-10T15:00:10.985,https://view.shoppinglive.naver.com/lives/97590,https://view.shoppinglive.naver.com/replays/97590,NA,NARROW,"c(""https://shoppinglive.naver.com/bridge/live/product/3006276012?tr=lim&isDetail=true&channelNo=100191630&trx=106784_0&wholeCategoryId=50000008%3E50000155%3E50006630%3E50006631&ntSource=nshoplive&ntMedium=106784&ntDetail=replay&ntKeyword=nshoplive"", ""https://shoppinglive.naver.com/bridge/live/product/3006276012?tr=lim&isDetail=true&channelNo=100191630&trx=101921_0&wholeCategoryId=50000008%3E50000155%3E50006630%3E50006631&ntSource=nshoplive&ntMedium=101921&ntDetail=replay&ntKeyword=nshoplive"", ""https://shoppinglive.naver.com/bridge/live/product/3006276012?tr=lim&isDetail=true&channelNo=100191630&trx=97601_0&wholeCategoryId=50000008%3E50000155%3E50006630%3E50006631&ntSource=nshoplive&ntMedium=97601&ntDetail=replay&ntKeyword=nshoplive"", 
""https://shoppinglive.naver.com/bridge/live/product/3006276012?tr=lim&isDetail=true&channelNo=100191630&trx=97600_0&wholeCategoryId=50000008%3E50000155%3E50006630%3E50006631&ntSource=nshoplive&ntMedium=97600&ntDetail=replay&ntKeyword=nshoplive"", ""https://shoppinglive.naver.com/bridge/live/product/3006276012?tr=lim&isDetail=true&channelNo=100191630&trx=97598_0&wholeCategoryId=50000008%3E50000155%3E50006630%3E50006631&ntSource=nshoplive&ntMedium=97598&ntDetail=replay&ntKeyword=nshoplive"", ""https://shoppinglive.naver.com/bridge/live/product/3006276012?tr=lim&isDetail=true&channelNo=100191630&trx=97596_0&wholeCategoryId=50000008%3E50000155%3E50006630%3E50006631&ntSource=nshoplive&ntMedium=97596&ntDetail=replay&ntKeyword=nshoplive"", 
""https://shoppinglive.naver.com/bridge/live/product/3006276012?tr=lim&isDetail=true&channelNo=100191630&trx=97595_0&wholeCategoryId=50000008%3E50000155%3E50006630%3E50006631&ntSource=nshoplive&ntMedium=97595&ntDetail=replay&ntKeyword=nshoplive"", ""https://shoppinglive.naver.com/bridge/live/product/3006276012?tr=lim&isDetail=true&channelNo=100191630&trx=85618_0&wholeCategoryId=50000008%3E50000155%3E50006630%3E50006631&ntSource=nshoplive&ntMedium=85618&ntDetail=replay&ntKeyword=nshoplive"", ""https://shoppinglive.naver.com/bridge/live/product/3006276012?tr=lim&isDetail=true&channelNo=100191630&trx=97593_0&wholeCategoryId=50000008%3E50000155%3E50006630%3E50006631&ntSource=nshoplive&ntMedium=97593&ntDetail=replay&ntKeyword=nshoplive"", 
""https://shoppinglive.naver.com/bridge/live/product/3006276012?tr=lim&isDetail=true&channelNo=100191630&trx=97591_0&wholeCategoryId=50000008%3E50000155%3E50006630%3E50006631&ntSource=nshoplive&ntMedium=97591&ntDetail=replay&ntKeyword=nshoplive"", ""https://shoppinglive.naver.com/bridge/live/product/3006276012?tr=lim&isDetail=true&channelNo=100191630&trx=97590_0&wholeCategoryId=50000008%3E50000155%3E50006630%3E50006631&ntSource=nshoplive&ntMedium=97590&ntDetail=replay&ntKeyword=nshoplive"", ""https://shoppinglive.naver.com/bridge/live/product/3006276012?tr=lim&isDetail=true&channelNo=100191630&trx=97589_0&wholeCategoryId=50000008%3E50000155%3E50006630%3E50006631&ntSource=nshoplive&ntMedium=97589&ntDetail=replay&ntKeyword=nshoplive"", 
""https://shoppinglive.naver.com/bridge/live/product/3006276012?tr=lim&isDetail=true&channelNo=100191630&trx=54008_0&wholeCategoryId=50000008%3E50000155%3E50006630%3E50006631&ntSource=nshoplive&ntMedium=54008&ntDetail=replay&ntKeyword=nshoplive"", ""https://shoppinglive.naver.com/bridge/live/product/3006276012?tr=lim&isDetail=true&channelNo=100191630&trx=52378_0&wholeCategoryId=50000008%3E50000155%3E50006630%3E50006631&ntSource=nshoplive&ntMedium=52378&ntDetail=replay&ntKeyword=nshoplive"", ""https://shoppinglive.naver.com/bridge/live/product/3006276012?tr=lim&isDetail=true&channelNo=100191630&trx=52346_0&wholeCategoryId=50000008%3E50000155%3E50006630%3E50006631&ntSource=nshoplive&ntMedium=52346&ntDetail=replay&ntKeyword=nshoplive"", 
""https://shoppinglive.naver.com/bridge/live/product/2144372034?tr=lim&isDetail=true&channelNo=500071772&trx=639_0&wholeCategoryId=50000000%3E50000167%3E50000807&ntSource=nshoplive&ntMedium=639&ntDetail=replay&ntKeyword=nshoplive"", ""https://shoppinglive.naver.com/bridge/live/product/4807692652?tr=lim&isDetail=true&channelNo=100076270&trx=514_0&wholeCategoryId=50000000%3E50000167%3E50000778&ntSource=nshoplive&ntMedium=514&ntDetail=replay&ntKeyword=nshoplive"", ""https://shoppinglive.naver.com/bridge/live/product/4818032455?tr=lim&isDetail=true&channelNo=1000003017&trx=434_0&wholeCategoryId=50000000%3E50000167%3E50000807&ntSource=nshoplive&ntMedium=434&ntDetail=replay&ntKeyword=nshoplive"", 
""https://shoppinglive.naver.com/bridge/live/product/4818032455?tr=lim&isDetail=true&channelNo=1000003017&trx=433_0&wholeCategoryId=50000000%3E50000167%3E50000807&ntSource=nshoplive&ntMedium=433&ntDetail=replay&ntKeyword=nshoplive"", ""https://shoppinglive.naver.com/bridge/live/product/4791305208?tr=lim&isDetail=true&channelNo=100214101&trx=420_0&wholeCategoryId=50000000%3E50000167%3E50000815&ntSource=nshoplive&ntMedium=420&ntDetail=replay&ntKeyword=nshoplive"", NA, NA, NA, NA, ""https://shoppinglive.naver.com/bridge/live/product/4692222616?tr=lim&isDetail=true&channelNo=100038394&trx=321_0&wholeCategoryId=50000001%3E50000181%3E50001474%3E50003990&ntSource=nshoplive&ntMedium=321&ntDetail=replay&ntKeyword=nshoplive"", 
NA, ""https://shoppinglive.naver.com/bridge/live/product/5335886577?tr=lim&isDetail=true&channelNo=100933587&trx=72493_0&wholeCategoryId=50000006%3E50000148%3E50001080%3E50002261&ntSource=nshoplive&ntMedium=72493&ntDetail=replay&ntKeyword=nshoplive"", ""https://shoppinglive.naver.com/bridge/live/product/5335886577?tr=lim&isDetail=true&channelNo=100933587&trx=72491_0&wholeCategoryId=50000006%3E50000148%3E50001080%3E50002261&ntSource=nshoplive&ntMedium=72491&ntDetail=replay&ntKeyword=nshoplive"", ""https://shoppinglive.naver.com/bridge/live/product/5335886577?tr=lim&isDetail=true&channelNo=100933587&trx=72488_0&wholeCategoryId=50000006%3E50000148%3E50001080%3E50002261&ntSource=nshoplive&ntMedium=72488&ntDetail=replay&ntKeyword=nshoplive"", 
""https://shoppinglive.naver.com/bridge/live/product/3931040739?tr=lim&isDetail=true&channelNo=100295310&trx=72461_0&wholeCategoryId=50000006%3E50000148%3E50001082%3E50002384&ntSource=nshoplive&ntMedium=72461&ntDetail=replay&ntKeyword=nshoplive"", ""https://shoppinglive.naver.com/bridge/live/product/417011337?tr=lim&isDetail=true&channelNo=500025401&trx=72447_0&wholeCategoryId=50000006%3E50000148%3E50001082%3E50002381&ntSource=nshoplive&ntMedium=72447&ntDetail=replay&ntKeyword=nshoplive"", ""https://shoppinglive.naver.com/bridge/live/product/4185298384?tr=lim&isDetail=true&channelNo=100267387&trx=13925_0&wholeCategoryId=50000000%3E50000169%3E50000835&ntSource=nshoplive&ntMedium=13925&ntDetail=replay&ntKeyword=nshoplive"", 
""https://shoppinglive.naver.com/bridge/live/product/4185298384?tr=lim&isDetail=true&channelNo=100267387&trx=13924_0&wholeCategoryId=50000000%3E50000169%3E50000835&ntSource=nshoplive&ntMedium=13924&ntDetail=replay&ntKeyword=nshoplive"", ""https://shoppinglive.naver.com/bridge/live/product/4840923074?tr=lim&isDetail=true&channelNo=1000000551&trx=518_0&wholeCategoryId=50000000%3E50000167%3E50000815&ntSource=nshoplive&ntMedium=518&ntDetail=replay&ntKeyword=nshoplive"", ""https://shoppinglive.naver.com/bridge/live/product/4843859905?tr=lim&isDetail=true&channelNo=100371206&trx=361_0&wholeCategoryId=50000000%3E50000167%3E50000807&ntSource=nshoplive&ntMedium=361&ntDetail=replay&ntKeyword=nshoplive"", 
NA, NA, NA, NA, NA, ""https://shoppinglive.naver.com/bridge/live/product/4748436896?tr=lim&isDetail=true&channelNo=100445757&trx=192_0&wholeCategoryId=50000005%3E50000138%3E50000414&ntSource=nshoplive&ntMedium=192&ntDetail=replay&ntKeyword=nshoplive"", NA, NA, ""https://shoppinglive.naver.com/bridge/live/product/4760623899?tr=lim&isDetail=true&channelNo=100524816&trx=159_0&wholeCategoryId=50000000%3E50000167%3E50000807&ntSource=nshoplive&ntMedium=159&ntDetail=replay&ntKeyword=nshoplive"", NA, NA, NA, 
NA, NA, NA)",NA,335,21,0,0,00:02:10
1,97589,97589,8792445,SELECTIVE,셀렉티브,https://g-selected.pstatic.net/MjAyMTAxMTVfMTEy/MDAxNjEwNjM4ODgxNzU3.dmHy1ANaP-OuEaLwlcmOCN6soCOrnEaw8YQADkmu_04g.PXUaNmKMInMM7CtXxotlxisNKI_GQNJI4QGegjXpq0gg.JPEG/98015514-9D05-49F3-AF52-01CCFA651583.jpg,테스트123,14C9C6A0F0366AFF0D0D4AAAC45AA20D9C99,2021-03-26T01:50:54.276,BLOCK,2021-03-10T15:00:17.942,https://view.shoppinglive.naver.com/lives/97589,https://view.shoppinglive.naver.com/replays/97589,NA,NARROW,"c(""https://shoppinglive.naver.com/bridge/live/product/3006276012?tr=lim&trx=106784_0&url=https%3A%2F%2Fsmartstore.naver.com%2Fmain%2Fproducts%2F3006276012&wholeCategoryId=50000008%3E50000155%3E50006630%3E50006631&ntSource=nshoplive&ntMedium=106784&ntDetail=replay&ntKeyword=nshoplive"", ""https://shoppinglive.naver.com/bridge/live/product/3006276012?tr=lim&trx=101921_0&url=https%3A%2F%2Fsmartstore.naver.com%2Fmain%2Fproducts%2F3006276012&wholeCategoryId=50000008%3E50000155%3E50006630%3E50006631&ntSource=nshoplive&ntMedium=101921&ntDetail=replay&ntKeyword=nshoplive"", 
""https://shoppinglive.naver.com/bridge/live/product/3006276012?tr=lim&trx=97601_0&url=https%3A%2F%2Fsmartstore.naver.com%2Fmain%2Fproducts%2F3006276012&wholeCategoryId=50000008%3E50000155%3E50006630%3E50006631&ntSource=nshoplive&ntMedium=97601&ntDetail=replay&ntKeyword=nshoplive"", ""https://shoppinglive.naver.com/bridge/live/product/3006276012?tr=lim&trx=97600_0&url=https%3A%2F%2Fsmartstore.naver.com%2Fmain%2Fproducts%2F3006276012&wholeCategoryId=50000008%3E50000155%3E50006630%3E50006631&ntSource=nshoplive&ntMedium=97600&ntDetail=replay&ntKeyword=nshoplive"", 
""https://shoppinglive.naver.com/bridge/live/product/3006276012?tr=lim&trx=97598_0&url=https%3A%2F%2Fsmartstore.naver.com%2Fmain%2Fproducts%2F3006276012&wholeCategoryId=50000008%3E50000155%3E50006630%3E50006631&ntSource=nshoplive&ntMedium=97598&ntDetail=replay&ntKeyword=nshoplive"", ""https://shoppinglive.naver.com/bridge/live/product/3006276012?tr=lim&trx=97596_0&url=https%3A%2F%2Fsmartstore.naver.com%2Fmain%2Fproducts%2F3006276012&wholeCategoryId=50000008%3E50000155%3E50006630%3E50006631&ntSource=nshoplive&ntMedium=97596&ntDetail=replay&ntKeyword=nshoplive"", 
""https://shoppinglive.naver.com/bridge/live/product/3006276012?tr=lim&trx=97595_0&url=https%3A%2F%2Fsmartstore.naver.com%2Fmain%2Fproducts%2F3006276012&wholeCategoryId=50000008%3E50000155%3E50006630%3E50006631&ntSource=nshoplive&ntMedium=97595&ntDetail=replay&ntKeyword=nshoplive"", ""https://shoppinglive.naver.com/bridge/live/product/3006276012?tr=lim&trx=85618_0&url=https%3A%2F%2Fsmartstore.naver.com%2Fmain%2Fproducts%2F3006276012&wholeCategoryId=50000008%3E50000155%3E50006630%3E50006631&ntSource=nshoplive&ntMedium=85618&ntDetail=replay&ntKeyword=nshoplive"", 
""https://shoppinglive.naver.com/bridge/live/product/3006276012?tr=lim&trx=97593_0&url=https%3A%2F%2Fsmartstore.naver.com%2Fmain%2Fproducts%2F3006276012&wholeCategoryId=50000008%3E50000155%3E50006630%3E50006631&ntSource=nshoplive&ntMedium=97593&ntDetail=replay&ntKeyword=nshoplive"", ""https://shoppinglive.naver.com/bridge/live/product/3006276012?tr=lim&trx=97591_0&url=https%3A%2F%2Fsmartstore.naver.com%2Fmain%2Fproducts%2F3006276012&wholeCategoryId=50000008%3E50000155%3E50006630%3E50006631&ntSource=nshoplive&ntMedium=97591&ntDetail=replay&ntKeyword=nshoplive"", 
""https://shoppinglive.naver.com/bridge/live/product/3006276012?tr=lim&trx=97590_0&url=https%3A%2F%2Fsmartstore.naver.com%2Fmain%2Fproducts%2F3006276012&wholeCategoryId=50000008%3E50000155%3E50006630%3E50006631&ntSource=nshoplive&ntMedium=97590&ntDetail=replay&ntKeyword=nshoplive"", ""https://shoppinglive.naver.com/bridge/live/product/3006276012?tr=lim&trx=97589_0&url=https%3A%2F%2Fsmartstore.naver.com%2Fmain%2Fproducts%2F3006276012&wholeCategoryId=50000008%3E50000155%3E50006630%3E50006631&ntSource=nshoplive&ntMedium=97589&ntDetail=replay&ntKeyword=nshoplive"", 
""https://shoppinglive.naver.com/bridge/live/product/3006276012?tr=lim&trx=54008_0&url=https%3A%2F%2Fsmartstore.naver.com%2Fmain%2Fproducts%2F3006276012&wholeCategoryId=50000008%3E50000155%3E50006630%3E50006631&ntSource=nshoplive&ntMedium=54008&ntDetail=replay&ntKeyword=nshoplive"", ""https://shoppinglive.naver.com/bridge/live/product/3006276012?tr=lim&trx=52378_0&url=https%3A%2F%2Fsmartstore.naver.com%2Fmain%2Fproducts%2F3006276012&wholeCategoryId=50000008%3E50000155%3E50006630%3E50006631&ntSource=nshoplive&ntMedium=52378&ntDetail=replay&ntKeyword=nshoplive"", 
""https://shoppinglive.naver.com/bridge/live/product/3006276012?tr=lim&trx=52346_0&url=https%3A%2F%2Fsmartstore.naver.com%2Fmain%2Fproducts%2F3006276012&wholeCategoryId=50000008%3E50000155%3E50006630%3E50006631&ntSource=nshoplive&ntMedium=52346&ntDetail=replay&ntKeyword=nshoplive"", ""https://shoppinglive.naver.com/bridge/live/product/2144372034?tr=lim&trx=639_0&url=https%3A%2F%2Fsmartstore.naver.com%2Fmain%2Fproducts%2F2144372034&wholeCategoryId=50000000%3E50000167%3E50000807&ntSource=nshoplive&ntMedium=639&ntDetail=replay&ntKeyword=nshoplive"", 
""https://shoppinglive.naver.com/bridge/live/product/4807692652?tr=lim&trx=514_0&url=https%3A%2F%2Fsmartstore.naver.com%2Fmain%2Fproducts%2F4807692652&wholeCategoryId=50000000%3E50000167%3E50000778&ntSource=nshoplive&ntMedium=514&ntDetail=replay&ntKeyword=nshoplive"", ""https://shoppinglive.naver.com/bridge/live/product/4818032455?tr=lim&trx=434_0&url=https%3A%2F%2Fshopping.naver.com%2Foutlink%2Fitemdetail%2F4818032455&wholeCategoryId=50000000%3E50000167%3E50000807&ntSource=nshoplive&ntMedium=434&ntDetail=replay&ntKeyword=nshoplive"", 
""https://shoppinglive.naver.com/bridge/live/product/4818032455?tr=lim&trx=433_0&url=https%3A%2F%2Fshopping.naver.com%2Foutlink%2Fitemdetail%2F4818032455&wholeCategoryId=50000000%3E50000167%3E50000807&ntSource=nshoplive&ntMedium=433&ntDetail=replay&ntKeyword=nshoplive"", ""https://shoppinglive.naver.com/bridge/live/product/4791305208?tr=lim&trx=420_0&url=https%3A%2F%2Fshopping.naver.com%2Foutlink%2Fitemdetail%2F4791305208&wholeCategoryId=50000000%3E50000167%3E50000815&ntSource=nshoplive&ntMedium=420&ntDetail=replay&ntKeyword=nshoplive"", 
NA, NA, NA, NA, ""https://shoppinglive.naver.com/bridge/live/product/4692222616?tr=lim&trx=321_0&url=https%3A%2F%2Fsmartstore.naver.com%2Fmain%2Fproducts%2F4692222616&wholeCategoryId=50000001%3E50000181%3E50001474%3E50003990&ntSource=nshoplive&ntMedium=321&ntDetail=replay&ntKeyword=nshoplive"", NA, ""https://shoppinglive.naver.com/bridge/live/product/5335886577?tr=lim&trx=72493_0&url=https%3A%2F%2Fsmartstore.naver.com%2Fmain%2Fproducts%2F5335886577&wholeCategoryId=50000006%3E50000148%3E50001080%3E50002261&ntSource=nshoplive&ntMedium=72493&ntDetail=replay&ntKeyword=nshoplive"", 
""https://shoppinglive.naver.com/bridge/live/product/5335886577?tr=lim&trx=72491_0&url=https%3A%2F%2Fsmartstore.naver.com%2Fmain%2Fproducts%2F5335886577&wholeCategoryId=50000006%3E50000148%3E50001080%3E50002261&ntSource=nshoplive&ntMedium=72491&ntDetail=replay&ntKeyword=nshoplive"", ""https://shoppinglive.naver.com/bridge/live/product/5335886577?tr=lim&trx=72488_0&url=https%3A%2F%2Fsmartstore.naver.com%2Fmain%2Fproducts%2F5335886577&wholeCategoryId=50000006%3E50000148%3E50001080%3E50002261&ntSource=nshoplive&ntMedium=72488&ntDetail=replay&ntKeyword=nshoplive"", 
""https://shoppinglive.naver.com/bridge/live/product/3931040739?tr=lim&trx=72461_0&url=https%3A%2F%2Fsmartstore.naver.com%2Fmain%2Fproducts%2F3931040739&wholeCategoryId=50000006%3E50000148%3E50001082%3E50002384&ntSource=nshoplive&ntMedium=72461&ntDetail=replay&ntKeyword=nshoplive"", ""https://shoppinglive.naver.com/bridge/live/product/417011337?tr=lim&trx=72447_0&url=https%3A%2F%2Fsmartstore.naver.com%2Fmain%2Fproducts%2F417011337&wholeCategoryId=50000006%3E50000148%3E50001082%3E50002381&ntSource=nshoplive&ntMedium=72447&ntDetail=replay&ntKeyword=nshoplive"", 
""https://shoppinglive.naver.com/bridge/live/product/4185298384?tr=lim&trx=13925_0&url=https%3A%2F%2Fsmartstore.naver.com%2Fmain%2Fproducts%2F4185298384&wholeCategoryId=50000000%3E50000169%3E50000835&ntSource=nshoplive&ntMedium=13925&ntDetail=replay&ntKeyword=nshoplive"", ""https://shoppinglive.naver.com/bridge/live/product/4185298384?tr=lim&trx=13924_0&url=https%3A%2F%2Fsmartstore.naver.com%2Fmain%2Fproducts%2F4185298384&wholeCategoryId=50000000%3E50000169%3E50000835&ntSource=nshoplive&ntMedium=13924&ntDetail=replay&ntKeyword=nshoplive"", 
""https://shoppinglive.naver.com/bridge/live/product/4840923074?tr=lim&trx=518_0&url=https%3A%2F%2Fshopping.naver.com%2Foutlink%2Fitemdetail%2F4840923074&wholeCategoryId=50000000%3E50000167%3E50000815&ntSource=nshoplive&ntMedium=518&ntDetail=replay&ntKeyword=nshoplive"", ""https://shoppinglive.naver.com/bridge/live/product/4843859905?tr=lim&trx=361_0&url=https%3A%2F%2Fshopping.naver.com%2Foutlink%2Fitemdetail%2F4843859905&wholeCategoryId=50000000%3E50000167%3E50000807&ntSource=nshoplive&ntMedium=361&ntDetail=replay&ntKeyword=nshoplive"", 
NA, NA, NA, NA, NA, ""https://shoppinglive.naver.com/bridge/live/product/4748436896?tr=lim&trx=192_0&url=https%3A%2F%2Fshopping.naver.com%2Foutlink%2Fitemdetail%2F4748436896&wholeCategoryId=50000005%3E50000138%3E50000414&ntSource=nshoplive&ntMedium=192&ntDetail=replay&ntKeyword=nshoplive"", NA, NA, ""https://shoppinglive.naver.com/bridge/live/product/4760623899?tr=lim&trx=159_0&url=https%3A%2F%2Fsmartstore.naver.com%2Fmain%2Fproducts%2F4760623899&wholeCategoryId=50000000%3E50000167%3E50000807&ntSource=nshoplive&ntMedium=159&ntDetail=replay&ntKeyword=nshoplive"", 
NA, NA, NA, NA, NA, NA)",NA,15,25,0,0,00:02:46
1,54008,54008,7328290,SELECTIVE,셀렉티브,https://g-selected.pstatic.net/MjAyMTAxMTVfMTEy/MDAxNjEwNjM4ODgxNzU3.dmHy1ANaP-OuEaLwlcmOCN6soCOrnEaw8YQADkmu_04g.PXUaNmKMInMM7CtXxotlxisNKI_GQNJI4QGegjXpq0gg.JPEG/98015514-9D05-49F3-AF52-01CCFA651583.jpg,테스트,B04E7A70494753352347285572F2E8ADBC70,2021-01-15T00:42:02.701,BLOCK,NA,https://view.shoppinglive.naver.com/lives/54008,https://view.shoppinglive.naver.com/replays/54008,NA,NARROW,"c(""lim"", ""lim"", ""lim"", ""lim"", ""lim"", ""lim"", ""lim"", ""lim"", ""lim"", ""lim"", ""lim"", ""lim"", ""lim"", ""lim"", ""lim"", ""lim"", ""lim"", ""lim"", ""lim"", ""lim"", NA, NA, NA, NA, ""lim"", NA, ""lim"", ""lim"", ""lim"", ""lim"", ""lim"", ""lim"", ""lim"", ""lim"", ""lim"", NA, NA, NA, NA, NA, ""lim"", NA, NA, ""lim"", NA, NA, NA, NA, NA, NA)",NA,303,20,0,0,01:52:02
1,52378,52378,7271078,SELECTIVE,셀렉티브,https://g-selected.pstatic.net/MjAyMDA4MTlfMjI1/MDAxNTk3ODE2NTg5Mzcx.QZV1XA4rsczJq_wYtLyq0x_Y0TwtDz6SXxz2Z3TLA24g.cZ4gzy6jjModlzLeZ2dNBUJvcAJSu4SmmnGypqi9xWkg.JPEG/1582174734999.jpg,테스트 방송,0B5F436417510AB0B73075DFED5665C5670E,2021-01-12T17:30:08.116,BLOCK,2021-01-12T16:54:55.974,https://view.shoppinglive.naver.com/lives/52378,https://view.shoppinglive.naver.com/replays/52378,NA,NARROW,"c(""SALE"", ""SALE"", ""SALE"", ""SALE"", ""SALE"", ""SALE"", ""SALE"", ""SALE"", ""SALE"", ""SALE"", ""SALE"", ""SALE"", ""SALE"", ""SALE"", ""SALE"", ""SALE"", ""CLOSE"", ""CLOSE"", ""CLOSE"", ""CLOSE"", NA, NA, NA, NA, ""SALE"", NA, ""SALE"", ""SALE"", ""SALE"", ""SALE"", ""SALE"", ""SALE"", ""SALE"", ""CLOSE"", ""SALE"", NA, NA, NA, NA, NA, ""CLOSE"", NA, NA, ""CLOSE"", NA, NA, NA, NA, NA, NA)",NA,27,29,0,0,00:02:01
1,52346,52346,7270615,SELECTIVE,셀렉티브,https://g-selected.pstatic.net/MjAyMDA4MTlfMjI1/MDAxNTk3ODE2NTg5Mzcx.QZV1XA4rsczJq_wYtLyq0x_Y0TwtDz6SXxz2Z3TLA24g.cZ4gzy6jjModlzLeZ2dNBUJvcAJSu4SmmnGypqi9xWkg.JPEG/1582174734999.jpg,테스트 방송,1B1F847D663B5A54659D1AEC7FC67DCED3E8,2021-01-12T17:12:56.59,BLOCK,2021-01-12T16:54:16.645,https://view.shoppinglive.naver.com/lives/52346,https://view.shoppinglive.naver.com/replays/52346,NA,NARROW,"c(""SALE"", ""SALE"", ""SALE"", ""SALE"", ""SALE"", ""SALE"", ""SALE"", ""SALE"", ""SALE"", ""SALE"", ""SALE"", ""SALE"", ""SALE"", ""SALE"", ""SALE"", ""SALE"", ""CLOSE"", ""CLOSE"", ""CLOSE"", ""CLOSE"", NA, NA, NA, NA, ""SALE"", NA, ""SALE"", ""SALE"", ""SALE"", ""SALE"", ""SALE"", ""SALE"", ""SALE"", ""CLOSE"", ""SALE"", NA, NA, NA, NA, NA, ""CLOSE"", NA, NA, ""CLOSE"", NA, NA, NA, NA, NA, NA)",NA,756,46,0,0,00:14:01
1,639,639,967114,SELECTIVE,셀렉티브,NA,ks-shin님의 라이브,771492FCE7F8EBBB7839DB59C67834268396,2020-03-27T16:52:41,BLOCK,2020-03-27T16:52:41,https://view.shoppinglive.naver.com/lives/639,https://view.shoppinglive.naver.com/replays/639,NA,NARROW,"c(""SALE"", ""SALE"", ""SALE"", ""SALE"", ""SALE"", ""SALE"", ""SALE"", ""SALE"", ""SALE"", ""SALE"", ""SALE"", ""SALE"", ""SALE"", ""SALE"", ""SALE"", ""SALE"", ""CLOSE"", ""CLOSE"", ""CLOSE"", ""CLOSE"", NA, NA, NA, NA, ""SALE"", NA, ""SALE"", ""SALE"", ""SALE"", ""SALE"", ""SALE"", ""SALE"", ""SALE"", ""CLOSE"", ""SALE"", NA, NA, NA, NA, NA, ""CLOSE"", NA, NA, ""CLOSE"", NA, NA, NA, NA, NA, NA)",NA,9,11,0,0,00:03:48
1,514,514,838246,SELECTIVE,셀렉티브,https://g-selected.pstatic.net/MjAyMDAzMTlfMTY3/MDAxNTg0NjA2Nzk3NjM1.PS0sJNf0ANtCVtkPQanus8iZO_X9_upnVjBKT1_TifQg.PdbHdaVDoxTYtvvHzsT-mmpWPtvHFB0AXNkRnhWbdQEg.JPEG/live_up1.jpg,test,2759C8D57D637D4CA827B9F35E9BB7398AFC,2020-03-21T19:50:00,BLOCK,2020-03-21T19:50:00,https://view.shoppinglive.naver.com/lives/514,https://view.shoppinglive.naver.com/replays/514,NA,NARROW,"c(600, 600, 600, 600, 600, 600, 600, 600, 600, 600, 600, 600, 600, 600, 600, 16800, 81000, 116550, 116550, 265300, NA, NA, NA, NA, 18000, NA, 99990, 99990, 99990, 10000, 4470, 45850, 45850, 113020, 70550, NA, NA, NA, NA, NA, 18900, NA, NA, 58000, NA, NA, NA, NA, NA, NA)",NA,0,5,0,0,00:00:06
1,434,434,585094,SELECTIVE,셀렉티브,https://postfiles.pstatic.net/MjAyMDAyMTlfMzAg/MDAxNTgyMDk2MjkyMTYx.dkdvOLa5tTlkj0nuI45WuB-zDFSCIdE_57NiMdgwIlYg.6j1qs5rzaUY_3pwv50UVug-hmvGUpD-4rTUcHAb-q4kg.JPEG.only1md/TJ_Sub2_1_Final.jpg?type=w773,test2,72D73F1EA6B0D8C50091E02F448C29271F60,2020-02-28T18:20:00,BLOCK,2020-02-28T18:20:00,https://view.shoppinglive.naver.com/lives/434,https://view.shoppinglive.naver.com/replays/434,NA,NARROW,"c(82, 82, 82, 82, 82, 82, 82, 82, 82, 82, 82, 82, 82, 82, 82, 22, 0, 10, 10, 30, NA, NA, NA, NA, 0, NA, 0, 0, 0, 0, 88, 42, 42, 10, 15, NA, NA, NA, NA, NA, 13, NA, NA, 0, NA, NA, NA, NA, NA, NA)",NA,11,6,0,0,00:06:59
1,433,433,585060,SELECTIVE,셀렉티브,https://postfiles.pstatic.net/MjAyMDAyMTlfMzAg/MDAxNTgyMDk2MjkyMTYx.dkdvOLa5tTlkj0nuI45WuB-zDFSCIdE_57NiMdgwIlYg.6j1qs5rzaUY_3pwv50UVug-hmvGUpD-4rTUcHAb-q4kg.JPEG.only1md/TJ_Sub2_1_Final.jpg?type=w773,test,3E231E10D772DE7C3D7E5D241B37B14007B5,2020-02-28T18:16:00,BLOCK,2020-02-28T18:16:00,https://view.shoppinglive.naver.com/lives/433,https://view.shoppinglive.naver.com/replays/433,NA,NARROW,"c(0, 0, 0, 0, 0, 0, 0, 0, 0, 0, 0, 0, 0, 0, 0, 0, 0, 104890, 104890, 0, NA, NA, NA, NA, 0, NA, 0, 0, 0, 0, 0, 45750, 45750, 0, 0, NA, NA, NA, NA, NA, 0, NA, NA, 57000, NA, NA, NA, NA, NA, NA)",NA,0,5,0,0,00:02:26
1,420,420,552699,SELECTIVE,셀렉티브,NA,ks-shin님의 라이브,E343F84B657684E2FCBA78AB9C90124EAE2D,2020-02-27T17:47:00,BLOCK,2020-02-27T17:47:00,https://view.shoppinglive.naver.com/lives/420,https://view.shoppinglive.naver.com/replays/420,NA,NARROW,"c(""생활/건강>반려동물>강아지 사료>건식사료"", ""생활/건강>반려동물>강아지 사료>건식사료"", ""생활/건강>반려동물>강아지 사료>건식사료"", ""생활/건강>반려동물>강아지 사료>건식사료"", ""생활/건강>반려동물>강아지 사료>건식사료"", ""생활/건강>반려동물>강아지 사료>건식사료"", ""생활/건강>반려동물>강아지 사료>건식사료"", ""생활/건강>반려동물>강아지 사료>건식사료"", ""생활/건강>반려동물>강아지 사료>건식사료"", 
""생활/건강>반려동물>강아지 사료>건식사료"", ""생활/건강>반려동물>강아지 사료>건식사료"", ""생활/건강>반려동물>강아지 사료>건식사료"", ""생활/건강>반려동물>강아지 사료>건식사료"", ""생활/건강>반려동물>강아지 사료>건식사료"", ""생활/건강>반려동물>강아지 사료>건식사료"", ""패션의류>여성의류>원피스"", ""패션의류>여성의류>코디세트"", ""패션의류>여성의류>원피스"", ""패션의류>여성의류>원피스"", 
""패션의류>여성의류>재킷"", NA, NA, NA, NA, ""패션잡화>모자>야구모자>일반캡"", NA, ""식품>음료>주스/과즙음료>망고주스"", ""식품>음료>주스/과즙음료>망고주스"", ""식품>음료>주스/과즙음료>망고주스"", ""식품>음료>차류>기타차"", ""식품>음료>차류>허브차"", ""패션의류>남성의류>청바지"", ""패션의류>남성의류>청바지"", ""패션의류>여성의류>재킷"", ""패션의류>여성의류>원피스"", NA, NA, NA, NA, NA, ""출산/육아>유아동의류>원피스"", 
NA, NA, ""패션의류>여성의류>원피스"", NA, NA, NA, NA, NA, NA)",NA,3,5,0,0,00:06:23
1,427,427,573582,SELECTIVE,셀렉티브,NA,ks-shin님의 라이브,F7B5B409D85A75404B781D496879EB567A69,2020-02-26T20:15:00,BLOCK,2020-02-26T20:15:00,https://view.shoppinglive.naver.com/lives/427,https://view.shoppinglive.naver.com/replays/427,NA,NARROW,"c(""50000008>50000155>50006630>50006631"", ""50000008>50000155>50006630>50006631"", ""50000008>50000155>50006630>50006631"", ""50000008>50000155>50006630>50006631"", ""50000008>50000155>50006630>50006631"", ""50000008>50000155>50006630>50006631"", ""50000008>50000155>50006630>50006631"", ""50000008>50000155>50006630>50006631"", ""50000008>50000155>50006630>50006631"", ""50000008>50000155>50006630>50006631"", ""50000008>50000155>50006630>50006631"", ""50000008>50000155>50006630>50006631"", ""50000008>50000155>50006630>50006631"", 
""50000008>50000155>50006630>50006631"", ""50000008>50000155>50006630>50006631"", ""50000000>50000167>50000807"", ""50000000>50000167>50000778"", ""50000000>50000167>50000807"", ""50000000>50000167>50000807"", ""50000000>50000167>50000815"", NA, NA, NA, NA, ""50000001>50000181>50001474>50003990"", NA, ""50000006>50000148>50001080>50002261"", ""50000006>50000148>50001080>50002261"", ""50000006>50000148>50001080>50002261"", ""50000006>50000148>50001082>50002384"", ""50000006>50000148>50001082>50002381"", ""50000000>50000169>50000835"", 
""50000000>50000169>50000835"", ""50000000>50000167>50000815"", ""50000000>50000167>50000807"", NA, NA, NA, NA, NA, ""50000005>50000138>50000414"", NA, NA, ""50000000>50000167>50000807"", NA, NA, NA, NA, NA, NA)",NA,0,1,0,0,00:09:15
1,404,404,546056,SELECTIVE,셀렉티브,NA,ks-shin님의 라이브,AB942F04EC76707668F7198B8C5F07A0D6FB,2020-02-20T15:03:00,BLOCK,2020-02-20T15:03:00,https://view.shoppinglive.naver.com/lives/404,https://view.shoppinglive.naver.com/replays/404,NA,NARROW,"c(NA, NA, NA, NA, NA, NA, NA, NA, NA, NA, NA, NA, NA, NA, NA, NA, NA, 178743, 178743, 37912, NA, NA, NA, NA, NA, NA, NA, NA, NA, NA, NA, 1326, 1326, 142850, 248419, NA, NA, NA, NA, NA, 236078, NA, NA, NA, NA, NA, NA, NA, NA, NA)",NA,0,2,0,0,00:00:02
1,382,382,532230,SELECTIVE,셀렉티브,NA,ks-shin님의 라이브,797FBC0809516BDCA86DEF2CDD4F28E0B2C7,2020-02-15T15:53:00,BLOCK,2020-02-15T15:53:00,https://view.shoppinglive.naver.com/lives/382,https://view.shoppinglive.naver.com/replays/382,NA,NARROW,"c(624649, 624649, 624649, 624649, 624649, 624649, 624649, 624649, 624649, 624649, 624649, 624649, 624649, 624649, 624649, 16448, NA, NA, NA, NA, NA, NA, NA, NA, 570, NA, 5555, 5555, 5555, 20, 293826, 17037, 17037, NA, 298, NA, NA, NA, NA, NA, NA, NA, NA, 16, NA, NA, NA, NA, NA, NA)",NA,12,1,0,0,00:07:52
1,356,356,523272,SELECTIVE,셀렉티브,NA,ks-shin님의 라이브,9B430EFD36D6BC47571D40BC48E092953455,2020-02-14T19:57:00,BLOCK,2020-02-14T19:57:00,https://view.shoppinglive.naver.com/lives/356,https://view.shoppinglive.naver.com/replays/356,NA,OPEN,"c(100191630, 100191630, 100191630, 100191630, 100191630, 100191630, 100191630, 100191630, 100191630, 100191630, 100191630, 100191630, 100191630, 100191630, 100191630, 500071772, 100076270, 1000003017, 1000003017, 100214101, NA, NA, NA, NA, 100038394, NA, 100933587, 100933587, 100933587, 100295310, 500025401, 100267387, 100267387, 1000000551, 100371206, NA, NA, NA, NA, NA, 100445757, NA, NA, 100524816, NA, NA, NA, NA, NA, NA)",NA,0,4,0,0,00:23:04
1,321,321,489683,SELECTIVE,셀렉티브,NA,ks-shin님의 라이브,4DF9E18AC7650023384B209D0930A79559EA,2020-01-31T18:22:00,BLOCK,2020-01-31T18:22:00,https://view.shoppinglive.naver.com/lives/321,https://view.shoppinglive.naver.com/replays/321,NA,NARROW,"c(3006276012, 3006276012, 3006276012, 3006276012, 3006276012, 3006276012, 3006276012, 3006276012, 3006276012, 3006276012, 3006276012, 3006276012, 3006276012, 3006276012, 3006276012, 2144372034, 4807692652, 4818032455, 4818032455, 4791305208, NA, NA, NA, NA, 4692222616, NA, 5335886577, 5335886577, 5335886577, 3931040739, 417011337, 4185298384, 4185298384, 4840923074, 4843859905, NA, NA, NA, NA, NA, 4748436896, NA, NA, 4760623899, NA, NA, NA, NA, NA, NA)",NA,2,9,0,0,00:42:52
1,309,309,464247,SELECTIVE,셀렉티브,https://g-selected.pstatic.net/MjAyMDAxMTZfMTk0/MDAxNTc5MTQxMzI1OTk4.1JDakuMfbVmr-e9r9knIl2tPgb0bUTdTJ7F9tZZkgpsg.Euk-Sv7LimwqVEh24R2TH-Goc7bQTgSSwuKpUYO4RCMg.JPEG/prmtImg.jpg,live testasddf,6019D0C2FB2BC26575FBF9D37289474B4F81,2020-01-22T15:58:00,BLOCK,2020-01-22T15:58:00,https://view.shoppinglive.naver.com/lives/309,https://view.shoppinglive.naver.com/replays/309,NA,NARROW,"c(3001910652, 3001910652, 3001910652, 3001910652, 3001910652, 3001910652, 3001910652, 3001910652, 3001910652, 3001910652, 3001910652, 3001910652, 3001910652, 3001910652, 3001910652, 2143448682, 4794064013, 4804183808, 4804183808, 4777956117, NA, NA, NA, NA, 4680483529, NA, 5314547715, 5314547715, 5314547715, 3924107464, 417011337, 4177659309, 4177659309, 4826588178, 4829156342, NA, NA, NA, NA, NA, 4727718536, NA, NA, 4747733052, NA, NA, NA, NA, NA, NA)",NA,4,5,0,0,00:00:30
2,72493,72493,8035322,SELECTIVE,셀렉티브,https://g-selected.pstatic.net/MjAyMTAyMTdfMjIw/MDAxNjEzNTY2MDE2MjAw.i3owCc0_TjD-vuj8LpKT16BvpKFkaQh1jfLtzbeVIYYg.Aqlp4DChFJTaSdgaLXBN7ts3BMdwcSG2pKFjLwOOr14g.JPEG/1F922435-F797-48FF-AB0F-5F05ED782753.jpg,splee의 쇼핑라이브,14FF01AE6D67E9AF7863792E574EF9A2B151,2021-02-17T21:47:15.035,BLOCK,NA,https://view.shoppinglive.naver.com/lives/72493,https://view.shoppinglive.naver.com/replays/72493,NA,NARROW,"c(""본사정식 상품 강아지 사료 기호성 테스트 샘플 모음"", ""본사정식 상품 강아지 사료 기호성 테스트 샘플 모음"", ""본사정식 상품 강아지 사료 기호성 테스트 샘플 모음"", ""본사정식 상품 강아지 사료 기호성 테스트 샘플 모음"", ""본사정식 상품 강아지 사료 기호성 테스트 샘플 모음"", ""본사정식 상품 강아지 사료 기호성 테스트 샘플 모음"", ""본사정식 상품 강아지 사료 기호성 테스트 샘플 모음"", 
""본사정식 상품 강아지 사료 기호성 테스트 샘플 모음"", ""본사정식 상품 강아지 사료 기호성 테스트 샘플 모음"", ""본사정식 상품 강아지 사료 기호성 테스트 샘플 모음"", ""본사정식 상품 강아지 사료 기호성 테스트 샘플 모음"", ""본사정식 상품 강아지 사료 기호성 테스트 샘플 모음"", ""본사정식 상품 강아지 사료 기호성 테스트 샘플 모음"", ""본사정식 상품 강아지 사료 기호성 테스트 샘플 모음"", 
""본사정식 상품 강아지 사료 기호성 테스트 샘플 모음"", ""봄 롱 플리츠 주름 원피스 홈드레스 프로아"", ""Zip up leather jk (2 colors)"", ""[타미진] T32A1WOP065WT2 여성 인디고 데님 플레어 원피스"", ""[타미진] T32A1WOP065WT2 여성 인디고 데님 플레어 원피스"", ""잇미샤 체크패턴 더블버튼 벨티드 롱 자켓 ITK2WJK660B"", NA, NA, NA, NA, ""NYC 코튼 볼캡"", NA, ""테스트 상품"", ""테스트 상품"", ""테스트 상품"", ""수제 국화차 (테스트)"", 
""로네펠트 티벨롭 조이오브티 허브티 테스트 박스 95종"", ""게스 남자 청바지 일자핏 슬림핏 스판진 데님 미디엄블루진 연청 블랙진"", ""게스 남자 청바지 일자핏 슬림핏 스판진 데님 미디엄블루진 연청 블랙진"", ""[지컷] 모던 퍼프 슬리브 자켓 (7250210005)"", ""꽃잎rose셔링미디원피스(DO53823)"", NA, NA, NA, NA, NA, ""스노우원피스 여아 공주 하객룩 등원룩 드레스"", NA, NA, ""딜라잇 롱 원피스"", NA, NA, 
NA, NA, NA, NA)",NA,0,1,0,0,00:00:00
2,72491,72491,8035309,SELECTIVE,셀렉티브,https://g-selected.pstatic.net/MjAyMTAyMTdfNTgg/MDAxNjEzNTY1OTg0Njk5.ExeYGCrNgpx48xVptN4iqrdSFe-0GMAEwAiUfMi3Cjgg.LrPr4KSI2_PKy-jYs0DAmDBALCv1o2D3fIDL831hWHIg.JPEG/70EAB3E4-12C3-4D36-8373-20F292E18D9E.jpg,splee의 쇼핑라이브,545C765A4300D19D9C1C616161483921A7A1,2021-02-17T21:46:36.889,BLOCK,NA,https://view.shoppinglive.naver.com/lives/72491,https://view.shoppinglive.naver.com/replays/72491,NA,NARROW,"c(""https://smartstore.naver.com/main/products/3006276012"", ""https://smartstore.naver.com/main/products/3006276012"", ""https://smartstore.naver.com/main/products/3006276012"", ""https://smartstore.naver.com/main/products/3006276012"", ""https://smartstore.naver.com/main/products/3006276012"", ""https://smartstore.naver.com/main/products/3006276012"", ""https://smartstore.naver.com/main/products/3006276012"", ""https://smartstore.naver.com/main/products/3006276012"", ""https://smartstore.naver.com/main/products/3006276012"", 
""https://smartstore.naver.com/main/products/3006276012"", ""https://smartstore.naver.com/main/products/3006276012"", ""https://smartstore.naver.com/main/products/3006276012"", ""https://smartstore.naver.com/main/products/3006276012"", ""https://smartstore.naver.com/main/products/3006276012"", ""https://smartstore.naver.com/main/products/3006276012"", ""https://smartstore.naver.com/main/products/2144372034"", ""https://smartstore.naver.com/main/products/4807692652"", ""https://shopping.naver.com/outlink/itemdetail/4818032455"", 
""https://shopping.naver.com/outlink/itemdetail/4818032455"", ""https://shopping.naver.com/outlink/itemdetail/4791305208"", NA, NA, NA, NA, ""https://smartstore.naver.com/main/products/4692222616"", NA, ""https://smartstore.naver.com/main/products/5335886577"", ""https://smartstore.naver.com/main/products/5335886577"", ""https://smartstore.naver.com/main/products/5335886577"", ""https://smartstore.naver.com/main/products/3931040739"", ""https://smartstore.naver.com/main/products/417011337"", ""https://smartstore.naver.com/main/products/4185298384"", 
""https://smartstore.naver.com/main/products/4185298384"", ""https://shopping.naver.com/outlink/itemdetail/4840923074"", ""https://shopping.naver.com/outlink/itemdetail/4843859905"", NA, NA, NA, NA, NA, ""https://shopping.naver.com/outlink/itemdetail/4748436896"", NA, NA, ""https://smartstore.naver.com/main/products/4760623899"", NA, NA, NA, NA, NA, NA)",NA,0,0,0,0,00:00:03
2,72488,72488,8035246,SELECTIVE,셀렉티브,https://g-selected.pstatic.net/MjAyMTAyMTdfMTU2/MDAxNjEzNTY1NzI3ODY2.AgDWsg0weBg1dRumEeJbL-JH_GIeokr0AO-vr3nOdfUg.s_NN6olmTOSgvevm9PB5G8VMKd_6RT7bawxEAkWUl-Ug.JPEG/D9C668E5-AA68-46C9-909D-E12927E2E458.jpg,splee의 쇼핑라이브,393B93A18B6ADE8EBFE2D8261773F6B580B5,2021-02-17T21:42:21.686,BLOCK,NA,https://view.shoppinglive.naver.com/lives/72488,https://view.shoppinglive.naver.com/replays/72488,NA,NARROW,"c(3500, 3500, 3500, 3500, 3500, 3500, 3500, 3500, 3500, 3500, 3500, 3500, 3500, 3500, 3500, 21800, 81000, 129500, 129500, 379000, NA, NA, NA, NA, 18000, NA, 99990, 99990, 99990, 10000, 38040, 79900, 79900, 125580, 83000, NA, NA, NA, NA, NA, 21900, NA, NA, 58000, NA, NA, NA, NA, NA, NA)",NA,0,0,0,0,00:01:20
2,72461,72461,8034669,SELECTIVE,셀렉티브,https://g-selected.pstatic.net/MjAyMTAyMTdfOSAg/MDAxNjEzNTYzNjczMTg1.6xUv1FyK2M_u7CQ3k2j2J8Eud8qSIeP9fmpSiSGQ3nAg.M29L0cBIW316aRB48AdvCB4AfZN-b3S48om1FcsggrMg.JPEG/3E9274BE-723B-4A91-8730-EFE637C013AB.jpg,splee의 쇼핑라이브2,6E65B6D01B74DFB569529C15A230B240251E,2021-02-17T21:08:07.232,BLOCK,NA,https://view.shoppinglive.naver.com/lives/72461,https://view.shoppinglive.naver.com/replays/72461,NA,NARROW,"c(FALSE, FALSE, FALSE, FALSE, FALSE, FALSE, FALSE, FALSE, FALSE, FALSE, FALSE, FALSE, FALSE, FALSE, FALSE, FALSE, FALSE, FALSE, FALSE, FALSE, NA, NA, NA, NA, FALSE, NA, FALSE, FALSE, FALSE, FALSE, FALSE, FALSE, FALSE, FALSE, FALSE, NA, NA, NA, NA, NA, FALSE, NA, NA, FALSE, NA, NA, NA, NA, NA, NA)",NA,11,4,0,0,00:22:36
2,72447,72447,8034100,SELECTIVE,셀렉티브,https://g-selected.pstatic.net/MjAyMTAyMTdfNzUg/MDAxNjEzNTYyMTc1NjY4.Fdo4sJ_OWlkZ03qy1ULZRftT__bZxppW1edATxjofjcg.J06qkZztw4aBzfHrUrsNj5fMlf9xlsahqu65a9eW7q0g.JPEG/56B583C2-A8BC-468A-B06A-EE28E05380B0.jpg,splee의 쇼핑라이브,F9C80239667722EE9EFA0AF7884589909A7F,2021-02-17T20:43:37.013,BLOCK,NA,https://view.shoppinglive.naver.com/lives/72447,https://view.shoppinglive.naver.com/replays/72447,NA,NARROW,"c(""SALE"", ""SALE"", ""SALE"", ""SALE"", ""SALE"", ""SALE"", ""SALE"", ""SALE"", ""SALE"", ""SALE"", ""SALE"", ""SALE"", ""SALE"", ""SALE"", ""SALE"", ""SALE"", ""CLOSE"", ""CLOSE"", ""CLOSE"", ""CLOSE"", NA, NA, NA, NA, ""SALE"", NA, ""SALE"", ""SALE"", ""SALE"", ""SALE"", ""SALE"", ""SALE"", ""SALE"", ""CLOSE"", ""SALE"", NA, NA, NA, NA, NA, ""CLOSE"", NA, NA, ""CLOSE"", NA, NA, NA, NA, NA, NA)",NA,11,6,0,0,00:17:02
2,13925,13925,4739572,SELECTIVE,셀렉티브,https://g-selected.pstatic.net/MjAyMDA5MTZfOTIg/MDAxNjAwMTg5ODY1NTkw.KI1mKRZwDZ_5vSu3zJhWjwmM_Ntr5-4MR0IFGYP5-E4g.SQLfKJquFL_zlgYiH1MnPrWIPhA2FBwsyVGSi3POce8g.JPEG/F1155883-8806-4007-975F-24FC6E624973.jpg,ttt,30066AE417F28909D035482FFCAE0C57326E,2020-09-16T02:11:21.9,BLOCK,NA,https://view.shoppinglive.naver.com/lives/13925,https://view.shoppinglive.naver.com/replays/13925,NA,NARROW,"c(""NONE"", ""NONE"", ""NONE"", ""NONE"", ""NONE"", ""NONE"", ""NONE"", ""NONE"", ""NONE"", ""NONE"", ""NONE"", ""NONE"", ""NONE"", ""NONE"", ""NONE"", ""NONE"", ""NONE"", ""NONE"", ""NONE"", ""NONE"", NA, NA, NA, NA, ""NONE"", NA, ""NONE"", ""NONE"", ""NONE"", ""NONE"", ""NONE"", ""NONE"", ""NONE"", ""NONE"", ""NONE"", NA, NA, NA, NA, NA, ""NONE"", NA, NA, ""NONE"", NA, NA, NA, NA, NA, NA)",NA,1179,6,0,0,00:29:45
2,13924,13924,4739526,SELECTIVE,셀렉티브,https://g-selected.pstatic.net/MjAyMDA5MTZfMjc1/MDAxNjAwMTg5NDQ3MDMz.gB6ESKHJlyRRxoWARCWY4F5UJU3Lfzl1kpqztBQ5870g.qJLYCS_X8g9dWHLD2cwwgmGIICLK_wK-Qio2nMXHa1og.JPEG/A1428BAA-1D86-4878-970C-98422C721B3B.jpg,ㅌㅅㅌ,F78898A07686852B6FC4B3460FCCC5FC718F,2020-09-16T02:04:23.483,BLOCK,NA,https://view.shoppinglive.naver.com/lives/13924,https://view.shoppinglive.naver.com/replays/13924,NA,NARROW,"c(0, 0, 0, 0, 0, 0, 0, 0, 0, 0, 0, 0, 0, 0, 0, 0, 0, 0, 0, 0, NA, NA, NA, NA, 0, NA, 0, 0, 0, 0, 0, 0, 0, 0, 0, NA, NA, NA, NA, NA, 0, NA, NA, 0, NA, NA, NA, NA, NA, NA)",NA,145,4,0,0,00:05:27
2,518,518,840953,SELECTIVE,셀렉티브,NA,s.p.lee님의 라이브,DB5C7EC9D6E4248CA22122AA2363B15E8437,2020-03-20T14:27:00,BLOCK,2020-03-20T14:27:00,https://view.shoppinglive.naver.com/lives/518,https://view.shoppinglive.naver.com/replays/518,NA,NARROW,"c(NA, NA, NA, NA, NA, NA, NA, NA, NA, NA, NA, NA, NA, NA, NA, NA, NA, NA, NA, NA, NA, NA, NA, NA, NA, NA, NA, NA, NA, NA, NA, NA, NA, NA, NA, NA, NA, NA, NA, NA, NA, NA, NA, NA, NA, NA, NA, NA, NA, NA)",NA,0,5,0,0,00:09:34
2,361,361,838607,SELECTIVE,셀렉티브,,test1,5DEF54EB34D9C58B8FFA24E10033CB9032CF,2020-02-10T22:18:00,BLOCK,2020-02-10T22:18:00,https://view.shoppinglive.naver.com/lives/361,https://view.shoppinglive.naver.com/replays/361,NA,NARROW,"c(NA, NA, NA, NA, NA, NA, NA, NA, NA, NA, NA, NA, NA, NA, NA, NA, NA, NA, NA, NA, NA, NA, NA, NA, NA, NA, NA, NA, NA, NA, NA, NA, NA, NA, NA, NA, NA, NA, NA, NA, NA, NA, NA, NA, NA, NA, NA, NA, NA, NA)",NA,0,1,0,0,00:02:25
2,304,304,464158,SELECTIVE,셀렉티브,,live test2,59889353D318233F25A9974A09E33452B675,2020-01-21T15:10:00,BLOCK,2020-01-21T15:10:00,https://view.shoppinglive.naver.com/lives/304,https://view.shoppinglive.naver.com/replays/304,NA,NARROW,"c(0, 0, 0, 0, 0, 0, 0, 0, 0, 0, 0, 0, 0, 0, 0, 0, 0, 0, 0, 0, NA, NA, NA, NA, 0, NA, 0, 0, 0, 0, 0, 0, 0, 0, 0, NA, NA, NA, NA, NA, 0, NA, NA, 0, NA, NA, NA, NA, NA, NA)",NA,0,2,0,0,00:00:44
2,307,307,464192,SELECTIVE,셀렉티브,NA,s.p.lee님의 라이브,B326D503B7AAA8B63BB12552EBB337C016F9,2020-01-20T15:24:00,BLOCK,2020-01-20T15:24:00,https://view.shoppinglive.naver.com/lives/307,https://view.shoppinglive.naver.com/replays/307,NA,NARROW,"c(NA, NA, NA, NA, NA, NA, NA, NA, NA, NA, NA, NA, NA, NA, NA, NA, NA, NA, NA, NA, NA, NA, NA, NA, NA, NA, NA, NA, NA, NA, NA, NA, NA, NA, NA, NA, NA, NA, NA, NA, NA, NA, NA, NA, NA, NA, NA, NA, NA, NA)",NA,0,3,0,0,00:06:13
2,299,299,464114,SELECTIVE,셀렉티브,,live test,29344C9EECC8B61A6EE05CAA732847BA922E,2020-01-20T15:15:00,BLOCK,2020-01-20T15:15:00,https://view.shoppinglive.naver.com/lives/299,https://view.shoppinglive.naver.com/replays/299,NA,NARROW,"c(NA, NA, NA, NA, NA, NA, NA, NA, NA, NA, NA, NA, NA, NA, NA, NA, NA, NA, NA, NA, NA, NA, NA, NA, NA, NA, NA, NA, NA, NA, NA, NA, NA, NA, NA, NA, NA, NA, NA, NA, NA, NA, NA, NA, NA, NA, NA, NA, NA, NA)",NA,0,5,0,0,00:01:47
2,254,254,436635,SELECTIVE,셀렉티브,,ㅇㅇ,C8FCDDCA16AD87D5FF4556C6A3282113CD28,2020-01-13T20:25:00,BLOCK,2020-01-13T20:25:00,https://view.shoppinglive.naver.com/lives/254,https://view.shoppinglive.naver.com/replays/254,NA,NARROW,"c(NA, NA, NA, NA, NA, NA, NA, NA, NA, NA, NA, NA, NA, NA, NA, NA, NA, NA, NA, NA, NA, NA, NA, NA, NA, NA, NA, NA, NA, NA, NA, NA, NA, NA, NA, NA, NA, NA, NA, NA, NA, NA, NA, NA, NA, NA, NA, NA, NA, NA)",NA,0,1,0,0,00:03:50
2,211,211,406354,SELECTIVE,셀렉티브,NA,s.p.l님의 라이브,4000AEA15E420FDA7932DEE11D67F75BD088,2019-12-28T13:59:00,BLOCK,2019-12-28T13:59:00,https://view.shoppinglive.naver.com/lives/211,https://view.shoppinglive.naver.com/replays/211,NA,NARROW,"c(NA, NA, NA, NA, NA, NA, NA, NA, NA, NA, NA, NA, NA, NA, NA, NA, NA, NA, NA, NA, NA, NA, NA, NA, NA, NA, NA, NA, NA, NA, NA, NA, NA, NA, NA, NA, NA, NA, NA, NA, NA, NA, NA, NA, NA, NA, NA, NA, NA, NA)",NA,0,3,0,0,00:01:06
2,192,192,396599,SELECTIVE,셀렉티브,https://g-selected.pstatic.net/MjAxOTEyMjBfMjU1/MDAxNTc2ODI4NTg3NzQ0.u3k4nnWpTBLmKAzyoKoo8wNe1T0QalmfZfjhWiqreHgg.j-Uf1d_PKUSlL8WR1dPsySsMO0jz45TttkkuILI5u8Eg.PNG/prmtImg.png,jinasim의 옷장 속 아우터 스타일링✨,6D4CF1C39575772B4BB982111DD516B3F68A,2019-12-23T20:00:00,BLOCK,2019-12-23T20:00:00,https://view.shoppinglive.naver.com/lives/192,https://view.shoppinglive.naver.com/replays/192,NA,NARROW,"c(NA, NA, NA, NA, NA, NA, NA, NA, NA, NA, NA, NA, NA, NA, NA, NA, NA, NA, NA, NA, NA, NA, NA, NA, NA, NA, NA, NA, NA, NA, NA, NA, NA, NA, NA, NA, NA, NA, NA, NA, NA, NA, NA, NA, NA, NA, NA, NA, NA, NA)",NA,177,7,0,0,00:08:00
2,193,193,396616,SELECTIVE,셀렉티브,NA,지나심의 라이브,A362A68EACA3FDCBEBCA17AB76F9E51C4992,2019-12-23T18:43:00,BLOCK,2019-12-23T18:43:00,https://view.shoppinglive.naver.com/lives/193,https://view.shoppinglive.naver.com/replays/193,NA,NARROW,"c(3001910652, 3001910652, 3001910652, 3001910652, 3001910652, 3001910652, 3001910652, 3001910652, 3001910652, 3001910652, 3001910652, 3001910652, 3001910652, 3001910652, 3001910652, 2143448682, 4794064013, 4804183808, 4804183808, 4777956117, NA, NA, NA, NA, 4680483529, NA, 5314547715, 5314547715, 5314547715, 3924107464, 417011337, 4177659309, 4177659309, 4826588178, 4829156342, NA, NA, NA, NA, NA, 4727718536, NA, NA, 4747733052, NA, NA, NA, NA, NA, NA)",NA,0,32,0,0,00:02:18
2,157,157,387406,SELECTIVE,셀렉티브,https://g-selected.pstatic.net/MjAxOTEyMTlfMjMg/MDAxNTc2NzIwODI1NjQ2.tx325CYWBCUIqxplsMjQ23miX0A1vwOtRXvCazZHroQg.wsygEWjPtL0gMQivPCoqPwnep6S4dF7hDJqcWa1J6Zkg.PNG/prmtImg.png?type=w800_q80,테스트123,AFAF90B00A1118262879F85F5DA177373136,2019-12-20T10:28:00,BLOCK,2019-12-20T10:28:00,https://view.shoppinglive.naver.com/lives/157,https://view.shoppinglive.naver.com/replays/157,NA,NARROW,"c(600, 600, 600, 600, 600, 600, 600, 600, 600, 600, 600, 600, 600, 600, 600, 16800, 81000, 116550, 116550, 265300, NA, NA, NA, NA, 18000, NA, 99990, 99990, 99990, 10000, 4470, 45850, 45850, 113020, 70550, NA, NA, NA, NA, NA, 18900, NA, NA, 58000, NA, NA, NA, NA, NA, NA)",NA,0,5,0,0,00:01:18
2,159,159,387457,SELECTIVE,셀렉티브,NA,s.p.lee님의 라이브,543E26DA1ED3432DCDEE5F0D93F37B98D6F6,2019-12-19T11:30:00,BLOCK,2019-12-19T11:30:00,https://view.shoppinglive.naver.com/lives/159,https://view.shoppinglive.naver.com/replays/159,NA,NARROW,"c(""OWNER"", ""OWNER"", ""OWNER"", ""OWNER"", ""OWNER"", ""OWNER"", ""OWNER"", ""OWNER"", ""OWNER"", ""OWNER"", ""OWNER"", ""OWNER"", ""OWNER"", ""OWNER"", ""OWNER"", ""OWNER"", ""OWNER"", ""OWNER"", ""OWNER"", ""OWNER"", NA, NA, NA, NA, ""OWNER"", NA, ""OWNER"", ""OWNER"", ""OWNER"", ""OWNER"", ""OWNER"", ""OWNER"", ""OWNER"", ""OWNER"", ""INJECT"", NA, NA, NA, NA, NA, ""OWNER"", NA, NA, ""OWNER"", NA, NA, NA, NA, NA, NA)",NA,0,4,0,0,00:01:06
2,156,156,387324,SELECTIVE,셀렉티브,https://g-selected.pstatic.net/MjAxOTEyMTFfMjQ0/MDAxNTc2MDMwNTY2MzQ1.e-g2x7rae6UET1EfIcASSZO9CFUUGkEvJAiieBRqHYMg.O8S7WbtJgdIGW1P7poIPAOxbg5fTjn0g1l7R2XVSsFQg.JPEG/prmtImg.jpg,s.p.lee님의 라이브,B5B4A1C7A843C7F057B39567B1391C3E87D4,2019-12-19T10:27:00,BLOCK,2019-12-19T10:27:00,https://view.shoppinglive.naver.com/lives/156,https://view.shoppinglive.naver.com/replays/156,NA,OPEN,"c(100172055, 100172055, 100172055, 100172055, 100172055, 100172055, 100172055, 100172055, 100172055, 100172055, 100172055, 100172055, 100172055, 100172055, 100172055, 500071772, 100068324, 1000003017, 1000003017, 100192254, NA, NA, NA, NA, 100033594, NA, 100868725, 100868725, 100868725, 100265783, 500025401, 100240353, 100240353, 500142454, 100335507, NA, NA, NA, NA, NA, 500222476, NA, NA, 100477650, NA, NA, NA, NA, NA, NA)",NA,18,12,0,0,00:13:51
2,108,108,369414,SELECTIVE,셀렉티브,NA,s.p.lee님의 라이브,AB6910154AC662BF2F096784579DAF43FEC6,2019-12-11T11:41:00,BLOCK,2019-12-11T11:41:00,https://view.shoppinglive.naver.com/lives/108,https://view.shoppinglive.naver.com/replays/108,NA,OPEN,"c(FALSE, FALSE, FALSE, FALSE, FALSE, FALSE, FALSE, FALSE, FALSE, FALSE, FALSE, FALSE, FALSE, FALSE, FALSE, FALSE, FALSE, FALSE, FALSE, FALSE, NA, NA, NA, NA, FALSE, NA, FALSE, FALSE, FALSE, FALSE, FALSE, FALSE, FALSE, FALSE, FALSE, NA, NA, NA, NA, NA, FALSE, NA, NA, FALSE, NA, NA, NA, NA, NA, NA)",NA,37,4,0,0,00:43:42
2,108,108,369414,SELECTIVE,셀렉티브,NA,s.p.lee님의 라이브,AB6910154AC662BF2F096784579DAF43FEC6,2019-12-11T11:41:00,BLOCK,2019-12-11T11:41:00,https://view.shoppinglive.naver.com/lives/108,https://view.shoppinglive.naver.com/replays/108,NA,OPEN,"c(TRUE, TRUE, TRUE, TRUE, TRUE, TRUE, TRUE, TRUE, TRUE, TRUE, TRUE, TRUE, TRUE, TRUE, TRUE, TRUE, TRUE, TRUE, TRUE, TRUE, NA, NA, NA, NA, TRUE, NA, TRUE, TRUE, TRUE, TRUE, TRUE, TRUE, TRUE, TRUE, TRUE, NA, NA, NA, NA, NA, TRUE, NA, NA, TRUE, NA, NA, NA, NA, NA, NA)",NA,37,4,0,0,00:43:42
2,109,109,369542,SELECTIVE,셀렉티브,NA,s.p.lee님의 라이브,CB153723B5523D24AC61C9CCC2D463337B3D,2019-12-11T11:41:00,BLOCK,2019-12-11T11:41:00,https://view.shoppinglive.naver.com/lives/109,https://view.shoppinglive.naver.com/replays/109,NA,OPEN,"c(0, 0, 0, 0, 0, 0, 0, 0, 0, 0, 0, 0, 0, 0, 0, 0, 0, 0, 0, 0, NA, NA, NA, NA, 0, NA, 0, 0, 0, 0, 0, 0, 0, 0, 0, NA, NA, NA, NA, NA, 0, NA, NA, 0, NA, NA, NA, NA, NA, NA)",NA,5,3,0,0,00:14:10
2,106,106,369217,SELECTIVE,셀렉티브,NA,s.p.lee님의 라이브,FB43BAAA4F86A67B75338D1B3236A3744E51,2019-12-11T11:40:00,BLOCK,2019-12-11T11:40:00,https://view.shoppinglive.naver.com/lives/106,https://view.shoppinglive.naver.com/replays/106,NA,NARROW,"c(106784, 101921, 97601, 97600, 97598, 97596, 97595, 85618, 97593, 97591, 97590, 97589, 54008, 52378, 52346, 639, 514, 434, 433, 420, NA, NA, NA, NA, 321, NA, 72493, 72491, 72488, 72461, 72447, 13925, 13924, 518, 361, NA, NA, NA, NA, NA, 192, NA, NA, 159, NA, NA, NA, NA, NA, NA)",NA,82,5,0,0,00:01:34
3,642,642,1236205,OUTLET,아울렛윈도,https://g-selected.pstatic.net/MjAyMDAzMzFfMjM2/MDAxNTg1NjI2OTE2NDI5.ghVFt7AjxXcvPqSfOlySrctVF1Moxj7DY3mdFBvpJawg.Fv0LmZ_i_BRFV7Q5GauB-9AqI3yMIc8w2d8fRR6Q-o0g.JPEG/live_up1.jpg,프리미엄 아울렛 '아디다스' 매장 털기,9747E96F865720C7B619021DC9E8493B2099,2020-04-07T21:00:00,BLOCK,2020-04-07T21:00:00,https://view.shoppinglive.naver.com/lives/642,https://view.shoppinglive.naver.com/replays/642,https://shoppinglive.naver.com/livebridge/642,OPEN,"c(NA, NA, NA, NA, NA, NA, NA, NA, NA, NA, NA, NA, NA, NA, NA, NA, NA, NA, NA, NA, NA, NA, NA, NA, NA, NA, NA, NA, NA, NA, NA, NA, NA, NA, NA, NA, NA, NA, NA, NA, NA, NA, NA, NA, NA, NA, NA, NA, NA, NA)",NA,270949,90905,0,0,01:00:05
